,id,client_name
0,3-600-49,eyxltbfizd ogtmybavawovsmo
1,4-846-342,qqcuoqycgi flqmjmmhinjzsoh
2,4-630-15,mjwmxtfggd lyfhcwlximoeegk
3,6-231-797,xqcreeudrd btjiiainxtmxwxi
4,1-517-424,manmylttfd adbgwwkjkajqosf
5,1-501-832,fjjieiguhu nfjhnwpgthsrixc
6,9-827-332,lsorjgqzbd mnwncjltsmvypqs
7,9-180-561,wvvektwbnq vqfqkodnnbxzrft
8,2-349-600,cktkgmatqw nryoslpxcawxdtq
9,9-749-575,wxsvdmaiwt usimzipojsrnvmz
10,4-173-924,rmssyivdvd lhqhihqphujhdix
11,6-403-363,hwbiixcbdm lzwbnljeitluyaw
12,1-674-994,czhayfdzjr buaczfycfrrvtdm
13,7-830-951,pthwvordvb dbrjnkrlyahzpcn
14,1-933-669,pwjgabgnmz xkiqsaefdiifcvf
15,7-641-348,ogszzoghyi rhhljgvdgefsyzf
16,10-378-420,bnujzxtzkg blbmhgolabyqiyl
17,1-521-651,noowzeunyu vajcceyufzekjmj
18,6-467-102,adwhbdaebn tginvcftbkbfhdb
19,8-475-52,agamczbxeu ccdrkwschqyngqb
20,5-464-884,yhixtnvamr rszhypxibwtnsjh
21,8-288-898,abzqvquisd ugncfhhdvfspkqq
22,4-889-677,ffpkapltux teifahbfagnbuea
23,6-433-896,nbuwjrfwuk dhjndrkapvidkej
24,2-569-385,qaekwfitsl qghcvifqprlwywj
25,10-531-559,rxbyvwsxgi yifsrjiqtisvynf
26,10-521-631,kbbnjufpru ecwniywdxfvkgef
27,2-488-637,mbnehhejxn wgyjknwglpuzquj
28,10-684-748,njlvudwbgs awdnnqwmgzrlvae
29,1-156-969,vbhthepxsi ehqbephoqsdfsvf
30,10-307-332,eapdawakao ompkjconbdjtthb
31,10-767-754,tajljpjstb igibykqupymfnih
32,3-230-458,lnpgzbqldl fmzpzdqzghpiwtn
33,1-850-163,ywyxuyxmwa bnnldmujviocuys
34,6-377-347,fkawiougiq dapsqwpqisznfha
35,5-899-798,murqvihxyh svbybjlldihzybg
36,6-989-364,ssscahbgce osqdkmfbbbduned
37,3-976-907,jzcfkklnts kqjbegkmwueunqe
38,10-531-14,jkndsjiedp ivbmzupsboawqaf
39,10-911-65,ptdedrpopw xrusdoeqpmqdzid
40,4-412-808,ijjexbovkq vddhmkqqbvtkrla
41,10-307-1,ihurlofpog nsluqseqghumbxo
42,2-827-127,xpeqezjmxt yvpknbdwcjoajfn
43,2-307-444,idpooscxmx bjrwvecfngxjnvz
44,3-748-821,ybugsuveru cvbujradelsobub
45,5-968-227,mygbzywygo znmizunkknwryvx
46,9-486-853,bthzykibdn fjnadtllvuhprxi
47,10-177-516,lrergvkxrp gvpridrqhfpygha
48,3-244-304,ageqmpojgp uuguzywmagwhydo
49,4-239-838,znpiavzmnb loibtjgsvouaodk
50,9-303-230,edhawuccpw uahwxygsevjblnt
51,9-878-616,sjvgcvsvmq eptoeyxwkvvixhm
52,9-721-975,csjojhzhaa pejmuypqypdqped
53,3-711-81,dqeiyttdpl wknvoyswzpnhtxr
54,7-738-514,xeyvrzbwmg wrpoymqxtwfqcvl
55,1-363-240,qulzbxyhyi kjogcyijmvogmts
56,5-453-63,mhzabjshvi rriscvwhhgubxap
57,5-115-479,onfolelcra kmwbdnyzhluvaqw
58,4-359-853,edxapsvpxs euozizojfokuuav
59,1-370-498,cfhprvrmmj vnymowcxrzdualu
60,5-854-892,kxiefxbzab sdgafcfmilipecp
61,8-890-991,yeloiopqqe vrhtiwhtaifrvji
62,1-575-18,cqrsayddzp eeuufjafldisugb
63,10-490-475,gxrfzptfzu fznkiciauocjbhk
64,9-652-397,jmuyjgeajb gdembqfuukdavxq
65,3-828-969,pmqqjemvdl gxiitrggqqwlqtw
66,4-128-616,xdqtkcanwv dmecdwmyfetbgna
67,6-637-588,zmucxtutiv euttwzwogbyklmp
68,7-253-467,qlcwjvuixl dghggmjvgcsedlw
69,2-682-909,bsqkkgtjqa vtcihcgwzkdxtaw
70,1-852-122,pwrlhmhvbh qljgcuzsqydivmk
71,1-518-311,monjavxoyz jhfdlpvnyzfjmto
72,5-188-169,qgzabozjre eprgbrdtrrhiraj
73,2-167-364,xsbtvmqwhn qmlheqhhnwdurkl
74,8-395-741,uyzobsyuea dwqiesllzjqgeat
75,4-619-418,qesuqzvieu kmbwurgcqyetpop
76,9-484-518,gveurrwjog fmfptiaeqpuudpf
77,3-260-799,irtjpwriaw xkugqqwjeqymjmv
78,5-701-224,uhuyueudqb rxntafrhozwboet
79,10-107-126,yascqpaevv utwaninztcepyuz
80,3-196-536,pcefblswvo tchwkcodatvywcb
81,2-735-15,jdgxjvwezd zedshcmkikvhghg
82,6-855-213,xxfdcllhro qbjafhimclecdvj
83,2-557-601,cqzzlqhcqt nkgmuehviikezha
84,8-942-919,nyaxdvbydj xvsncpymxvfdqxc
85,8-910-332,ourdshpgdp ehtajzjkairzkmg
86,4-185-261,ojrtofcblg iglvvcqfwroeyam
87,7-991-955,ruuakevmqm tsvdjvhygrvrwzi
88,3-708-973,whrgzmimil czogojgfxhkcbzp
89,2-987-430,pbrpikjebw jpnwzeignxucfgc
90,7-264-851,jxhydyhvno ulqmbxitdoqrlgr
91,1-603-451,iffeytokju vfgifjmbblaqima
92,6-107-715,rsaiygdtgn nnjgepnqdeunami
93,1-634-313,prgdwhgpkg enrpmseyhdyuygv
94,9-729-100,xmkvizouwz qmdtjhqvijymhxc
95,10-291-688,skhaacftdg akxzcwwnwitanub
96,7-592-860,hfjbiwbeqr moutwgfwiyfksth
97,10-646-363,vbkripuzoy ptuugwimopkgids
98,6-304-944,qtmhrhsnes usmailqhmtnwmdd
99,5-306-327,cvetlcnajz iigzzlcqkpnnxlu
100,2-438-959,wbkskmohpu adzqqxqegkffhsp
101,6-429-107,vpfftgaoil tangxuwviwcxlke
102,9-249-978,akxwdljovu cxezllvujaedscw
103,1-997-100,fbqllsvjzn pmnrygqwrvauctj
104,4-930-61,irnmyschjs zzyndinswmcezil
105,3-824-681,lfyzlnamvr wmrzauqhrvgaxdo
106,6-917-105,dtqkijwzvu gtcflaxtexnuodk
107,5-524-113,vqxucwvatj aekjecrpmdfbpup
108,2-139-913,dhnmdqywib zqihkuicxxbxwmm
109,7-412-904,gxisziiigp fdgpmoqziotdmfl
110,9-241-701,qaozchskqd anjshrvdzoyllbi
111,7-541-88,pewgogbhpl tfesfpmwdfffnmz
112,7-746-451,qutoahgnmx cuwctfqpvrbikzf
113,10-146-643,dvqhuywrkz kakxfavyljljtob
114,2-261-949,huhhatapxc mxyytpifbbkmete
115,5-506-160,wabnvnhlps mqcaspdmdjsglbp
116,7-575-712,rivnizrphb gfafxjdvdhxdgae
117,10-967-541,xgdsazkbxp bspzgyiahjjcpfd
118,3-793-884,xwzrgjrsxi zqqmgqlifvgcful
119,8-737-296,txbewsyszt jyjxwfmlvemxech
120,6-576-604,jmrbishgvz ttjkckpxvjpdldn
121,1-588-779,pzzxeignsg kifakyjwybrpeuk
122,6-225-923,vlcwujyasj phpjtyqggxlvacu
123,3-491-291,jfvhvsglob zofldhdnbtsipsq
124,2-257-909,syugbfuces tnkqudftvtgtibo
125,1-541-685,rncmqowjtr ebukcgiumvqqoga
126,10-286-697,pvgdablbkj rubyfftsphtoezv
127,4-230-202,wzexvmfbnx wwwxrdehysodtot
128,3-324-529,ysrsokddqo kedorrrwpczfnqt
129,7-219-113,dirjyzvvji djujwvuotuiegjw
130,9-606-880,whnykebhoy rzgkrgcmpgbziip
131,6-600-370,bqahszqlrt yurvxmiiuecgurv
132,3-746-125,eezbfeuqpk zqdmvagaatsgkko
133,7-430-314,jngfkovviv qinxyahenalaemp
134,9-624-287,mkuwuskppm uzaajtrfnmishss
135,7-689-214,ymhhuixifx meanmzjaumkspko
136,1-506-439,yfvjtdsnrb ejpwybqffmxhmvy
137,6-766-364,ksvsibcmmq qnomfpgtyjfvqps
138,4-550-801,pfpdqqlumk lhysaiqhajdfrwy
139,4-449-951,vijipgozga llnzcwoukxqkttf
140,6-896-234,tregtfxtxd sfowjcxwpbydpls
141,5-117-363,geaovzffoe ghlduopougbbpww
142,3-606-98,ocgpyddsgo hjluodtetmogziy
143,9-430-235,gglllvfefq kaostezvinvlpla
144,4-706-992,qulquubrrj ykzreteymdwuocg
145,4-266-483,gtrjgmsjjd qdqfezbzkjvwsel
146,1-901-873,fjdyllxykh prufbxbktnlalqh
147,3-455-788,tggqukpbig mjxvguymvosnuii
148,6-470-270,zkxqhzoapw reipbukelxepcmj
149,9-514-516,oqzbdcqxtd lggqsqgguoieert
150,7-374-77,ykndhscbtx cnnecrzndpzarvm
151,1-953-742,uuslhyfrmc ohuybxhcdhlnjpx
152,10-698-103,ambsyjmdzh xfijzloucktuqbz
153,4-573-575,bojvxobkgj tlcphgtxlalxycx
154,10-240-843,javchiphli lucezpoqembpuhq
155,2-648-127,mwldijywvj ykxdfwnwpghjjzi
156,2-250-370,fwffjgjjhz lnfjssmlwzlrdpf
157,2-986-581,pumkmjfboo wfebtncqqkszmsp
158,5-312-591,cadcuuvmtg ashlqbiefeaqbrb
159,3-360-561,ocqbzzvlap ilwelppkchvmqgd
160,5-928-930,efkpgbigfv hyfgxurbdwhrqsz
161,10-489-981,fsokyyrvho fzetzkynthrozbf
162,8-995-639,irhfyznwhv xsetxefumhicrhq
163,2-620-909,kpzcpdwjvf pqbxrooumpasitw
164,7-468-778,xwbyuhujki qzrhnxmskvyxrro
165,8-940-31,dcubvybfhf awkpjewbbrtkwjn
166,10-675-760,jpsmnwgfei utkmwpyqjvynlul
167,4-732-875,asquomrpgn xzxvjxnwlgvtfmz
168,2-417-206,iomzyowxjd aeiqhekopdkeebk
169,4-292-803,tohtvyshnx enmfuyslrjbqlhg
170,8-818-233,fxglbcuizf gvovxqtalbqmcac
171,2-339-183,rpwcnxgcrm bohwzrunfykwbtw
172,6-722-6,hkdnbbcpal ohbljrjuedbhjuw
173,2-900-904,xyrhwwwjph xzsqlexbpbywbyn
174,9-454-407,rycooqnyas dpzexeiqhahvejt
175,3-963-708,pekihontwn wggsmulsjnjosjw
176,4-851-65,tlbkdngrts ttnqeygqpaogysj
177,9-695-718,fxmgrjztbs roecaoggkonyonf
178,8-499-973,hjmbovgstw phkbydhfcxldgaz
179,5-968-960,izxejsailz essbvcwqluchxms
180,10-959-928,jytypfybzf nrrzfeznmtndgfj
181,1-632-816,jviighqixu hjjupnfmscgxjvr
182,6-509-401,cnmmpsmkfw knrvyxbvqjdpqwn
183,2-879-107,qroaszrvzr ackjlaueiuumypv
184,3-142-456,hlemvtjcfk mxbhttzwvzwlhks
185,8-234-567,cdjfklguna ggnjxqjvvzkfclu
186,1-213-569,npyslczbub sbkjmgxlxxhkmth
187,6-751-996,qrjcrtmhyr bfoaozjphoeywpn
188,8-798-785,rajjrprhgn xbcabwsouvsfvkg
189,7-941-447,hqbrtevzye kdkggtzmwelljqw
190,2-726-970,brvuatetfn fqnehcbihimozfe
191,9-479-52,pzugclambs xjvajkmbsoqrmdy
192,9-953-209,sjrjsevlzo lcdilhtxgcffzwn
193,3-956-192,utkknpkdpk evaqyonhiysrqbi
194,1-643-742,jijfigvpnr qkjeusvsxvnaqda
195,4-404-255,xkfslphfmx nhovcjrfbgjjvcs
196,3-161-166,kttsuzllro ewpbhuscfrcolfi
197,6-515-490,jkvjsjxhlt dwlqdtrqxczrqgp
198,9-508-739,pdhefeyibj vfwauiyssxngkdt
199,10-666-640,sjmjzzbzpc ksldqoopepzgape
200,3-688-252,fpvrqcntks zlcgknjecdcsppg
201,9-604-472,xfssggovpd rmgedmptlkblnbs
202,4-238-84,vtlzuulfgm piybtwowsdghmzf
203,5-560-803,opmfnsufea pipolwnaztuckva
204,1-350-136,szdvhpqkqt cwcayabmxpxuatl
205,9-975-594,nbcoaparsm nrebkgokgtztdia
206,9-538-279,hoejmlwsjx ferdoyrbzsmhcfw
207,3-540-694,iqzkhalavs rwlezlpfxwlekgj
208,8-406-667,qbklaivpta cianagytenxnlez
209,5-846-808,bsjxrgwleh zzzbfomblgjkjat
210,6-909-730,yzefgjdfhq buzfswldbwjwklb
211,2-339-59,lhczrisdrk fueghncrkmhyubm
212,4-475-912,mhnvcfxxko ntpoclqfawgpaqu
213,9-131-742,ospaidfjfh lqfxezyjjfhuroj
214,6-314-423,kzgzmoieob qcsuslwuovycpxy
215,2-327-834,vvrdujehvz ullvoqvutihxkxj
216,5-922-461,qklrzumdzl ezdjufkydormqoe
217,10-419-39,mpzaccrgdd bxaqyqwqhqukwxf
218,9-403-547,ezqytpxksl mpmksvukjrjpbvi
219,8-838-442,duekdeuwjj ggamebddbmxwcvo
220,9-848-726,cwzpkmtglc jhnqsapwyfhqpgg
221,5-583-357,wpjqmbqvil ctdrmsuoodclyqu
222,6-199-447,bplyvbkpec nqboslzihpgrgmo
223,10-720-983,tcgkkotigx qheosdjklrzdrnn
224,4-590-63,uicaupaxlh esblbelrjzoqqoz
225,1-819-694,chbqtnysyd syoauygthcptori
226,3-959-324,wlueufvyfv titnxbvedevpoqk
227,3-582-460,nermxyntds jmtsdnellrtcttu
228,10-718-140,xhammgsabx whvibjpptwtqqyh
229,2-348-352,ljaimwskxb wgegvhavhdrnjcr
230,10-790-861,tgxeexohhk zabjpjxbixnqcaf
231,3-811-153,edxexxphdm kviysplnkdbwtia
232,3-146-56,lwcpwroojt vkkvykfpefdpybp
233,10-975-959,bjzflsleii msfjeakeibgkomu
234,8-256-245,aotmyvwuuq bbklrglxyxqyvmv
235,9-608-796,yuuellqcur nxnbnbsukikcpmb
236,7-754-286,wmukybkqqm gydklvjwspxajpm
237,9-981-202,bjhyajqolu xousmqfzzeoldsj
238,2-105-574,kqiujvfufg qcbyeaicnmnutjc
239,5-893-399,laqqywgdto rjvssrzgqbphzkk
240,10-677-688,bohgejdymz kukojzqwrpyladv
241,4-915-943,qiwbjbcrbi nizctfkbuqplbjv
242,7-173-656,rneetgptnf cmoixxlfdyhrmnt
243,2-652-348,yqnwrroyrt gdvrciipjuixzpo
244,2-884-26,ivjioqascg cclhwktmqucnjgz
245,8-976-148,wvqotqscas ehjhjrhrmcqielj
246,10-152-191,xdktbzvmqn piyjxgbqapmuwge
247,2-683-217,vxhksmqtfm ywadltnrbqfswmv
248,1-874-95,cumhlhehzf jupplncmjnbkqzv
249,5-704-791,mkiouuosrp lzvwwsqoxkanerl
250,5-486-191,izojffruss fdtndjvajzkchmu
251,6-642-702,eudloivonp eflyigiwhpueyhv
252,4-975-346,xtaulkrhxo qruesfphtnfowkq
253,5-982-86,nypgzklqrf wrlzfrefujhghtj
254,5-570-722,ygrgfuayov txjyetudkmkzmnj
255,9-838-310,mqnjaurpvy nxehgntepdadqde
256,1-870-427,ztkfoaiikn rzphxymvlxxjatf
257,3-499-992,djruuizimg megrlhgeqouvwrv
258,5-428-425,vxiqxfzzdi yokzemsrasnffsn
259,8-557-332,tbwlqqaqgq axcniueveofomxs
260,3-261-125,arsombppmx dvrmngfjgjpppeo
261,3-720-695,cpnmrofvgr vhjrhvzziaxmjsy
262,1-149-455,vbijoiytvo scyulbyffdohhff
263,10-982-825,hmaqamwufr unbdnxhiqlyhplu
264,5-292-335,kvsudtgmpv prcjqhcileexwlk
265,10-384-969,mfsjvwcisz hblihlxaerjqort
266,7-310-466,fdvxqjofxj fuvrumowazblxgu
267,10-739-545,txisejietq uetdhlaagrgrygf
268,6-188-128,kcyeqemvqi vsyjircxcmtchpq
269,4-873-983,cggbaxwmql huwvhrlcboxiyra
270,2-845-132,cweicrhzyg evrkhzlwniesbbi
271,3-493-864,jidwdoaxvx kuppuzjxmmeoiur
272,9-976-162,kzzcgpxkvt ogdbwqgflgyeqmz
273,8-579-77,poopiixbpv ukwnvamghhxtvpc
274,6-850-975,fqormjdcyo rajgqqnyhzprooi
275,9-132-386,xfkmxguogt nnemumaroztdsze
276,9-174-600,zpwmqifqfc kbewovtvcbukzyp
277,5-409-1,yymdlfwlfo ifepkworihbcfcm
278,6-498-114,obzprmcclh wkdifqkzqtikwbg
279,9-598-78,jeeqlfphjq sbpyswwjfcbxynz
280,4-811-832,fxieicwgnb mpyjxksxxposjjw
281,5-259-494,jlmlpauvix dklhpfqsrnskrnj
282,2-317-305,uiodobiwdf ggkoudshrncjkba
283,6-832-219,muikkvufvm opzkmggauwndcuy
284,1-482-959,hdovbtrajf cckjfheqpulmfol
285,5-653-730,lxnrqkgfar ewiqtxcktetjuap
286,4-439-257,zekqfvcfkd ryczcerppzapuxk
287,6-900-636,fhqnvnqsam lvzrpwkuiiqjvxb
288,1-139-438,qmffozrwwk ejkrllhzxhkawic
289,7-646-99,nwgkgxlvjd ifmxgmgvbovhjel
290,7-258-561,suyevnyvik vwazxwibnyaubhe
291,4-648-491,eixbxtrcft hlhnqwstnngdvet
292,6-782-775,ccgnimvbuj lrxkdawgrkbymgn
293,5-498-32,hvtmcjaegj lqnjgfbeebrqwla
294,6-365-523,zoyaleuffs vkykjhjddslwtqs
295,10-190-305,yysygielcf patigjdzkzwinnn
296,2-528-387,zoriplzidt eojghovprkhfbor
297,4-931-389,utxqpgwyrv mqshcwkezmgyqeo
298,6-906-630,jzficxviph sxmvycrbiowiolw
299,9-329-860,rjsyxjeope fspspqkiofguuoj
300,9-599-611,gvwvpsnifz vebncruxnaiwsaw
301,6-324-177,dghncrnjmk jyrzwcytrdolpcs
302,9-783-156,kdbaxkrslg quhfnjmvjcrgpzy
303,10-173-758,wjvrhohrws jafpysdtheyqbaa
304,9-618-955,joyaeueigv nvzmptueuzynjda
305,8-440-115,hvsllycrju ccnghuafzbittfy
306,8-676-795,xckwxqyayc pthnescupwcuxhi
307,2-131-281,tewdlnunrs poqdkzhcrbuescc
308,5-855-702,uhohtkvzcx bpeyjenwfgfnuzx
309,4-710-538,aauoxzrycc abcxajfjhqymxph
310,5-222-210,hwuifvzdbr qykrhmusshzqspj
311,2-341-812,pfxhpyuycp mgjahuznrdaljez
312,10-144-207,ntmkjcxfji rcepcsyuizcddez
313,3-507-485,gtvshhhzmm dzbttlfygkzkhic
314,9-606-485,dedbccgijo htpcmpeeubdkxig
315,5-490-51,nrcypeieba qhurgzgiynddwlt
316,8-904-410,icoocrbzla chqanalfulietge
317,9-122-245,qynlbqkyho tcevlxlxprbywtn
318,2-831-812,wamqgsujza xevljnxxdowgjdp
319,1-263-345,xkqfwntdlf lvzjfzkurojtvil
320,10-826-127,xxlzkoztbw wujdhcdijuyzxmi
321,5-797-394,yayraxeisl xcrpyevubrnetpv
322,6-324-415,nrslgdgvna iudlqrniobnqbps
323,3-946-41,abayocpito aidddhsipowszzz
324,10-102-19,viuisynmhq yvuugnmvxzkkgxl
325,6-719-71,rkvbrxgmcq qgrzzhzfmrpnysu
326,6-617-172,eakjpjklzv lcwjbecylkgjyvb
327,2-874-34,zmnpeqhcuv pyxqxuglbbzqyox
328,10-855-981,llwrrbwjpw upfmztwcuzotxni
329,3-227-171,pavceutfpo pvueawpfcmvepcx
330,2-267-650,iopxbhhskc nfawgdogzlmqjuk
331,7-684-408,wsmzxjfcyx gesaigkltrpgpsl
332,10-568-285,jpuphdsios zcrqczpfxvzcypj
333,8-298-36,uscchshmfr mdcdsvddxrmiqby
334,6-869-714,qdvmblvvct gxfmaywzkbshlvc
335,2-373-99,fumbzopmds xootnurqgvtifol
336,7-597-484,kxdfmqbbcs xehiwngffiwqfvg
337,10-355-177,xdtkdecyjt zxehfmzjbzucacp
338,7-239-40,pzxrhqjehh oiaubhvjmpbqlfh
339,1-909-329,ahvpkymnyd pomtthhumerajfm
340,6-258-463,rjcadhbjda lrnhrfncaduvtti
341,2-310-585,iawqlenafi anpqanfvzzykygu
342,3-893-116,vsefkwxoxp diekoijrecvlhyv
343,5-277-235,gxatfokpum lsyrlmgdtbqqeqq
344,10-544-251,sgqflstqut qcxgkmsxuhgzvwf
345,5-413-463,ijmqbaufis kunhqpqyunztvat
346,6-272-506,dkquqdupsr qjzulnkipgueefg
347,8-355-276,fjpxommsuz josrwzixbwtbpjn
348,7-447-331,hdlnqfxcno mxlvrvgiimvxvqr
349,1-877-400,ewohydarey yguanvfwzlshqzt
350,1-135-57,uogoromvjg eknaimnyowxkzsp
351,10-315-556,iddywljicb tontwgitcdgzsxb
352,2-798-431,ykgloyerer twhzrbynbizmxfm
353,3-997-180,tsylsmfoco jbvbmpqjwktkgen
354,4-572-616,jaoexqzicu fbfikirtwwihdeu
355,9-780-379,tbguabyyng iqmlnzpjlvpmssa
356,5-362-295,mjscvefekc zhuyovlkqvgchsn
357,6-910-739,ajlrhlvnrn cdxiwcxdtxtbwxn
358,7-851-175,ihrgbvosyy awtbdyzfvtlukoj
359,2-327-185,xbffpvdfuc pezksepaymxsiuu
360,9-521-262,ukzlbvfovw speqcvhztbragei
361,4-317-254,klfmblihvp viceqykcbktzipp
362,3-484-762,unbuhrkpmj cdcqczyxlrchzax
363,2-251-470,ohpttvfqoi ufqnafmqtjgfiry
364,1-482-565,jpveaefgkq bfjjnbbnkxxcswy
365,2-101-498,myfqzpagam hljmavqndthderf
366,4-744-226,tkqsifiivd jxujwezioxvdxkb
367,8-845-988,kkmjdhkfcl wtsfeyonrasbxcs
368,1-234-545,baellwnpil sixgubydtbdjert
369,4-936-593,bpgiexlsbc vgonknkjdoyhare
370,7-620-379,znyuyrxzas glrwajdeoelyfjl
371,3-404-41,zrxdypphpg ognbwmgspxoesvj
372,1-397-53,lqibmiuvae wgabntuqsmelplg
373,5-945-921,wgvsccxkat xtufmzgmgdbibnu
374,5-664-881,pvheezhexb fmrsajojvtlxfpd
375,6-135-414,knqfpsbdph zzcpsfzykpmqdcq
376,4-457-66,dxjasmamxv nzijzpcngxhmzjx
377,7-806-683,pybvodhfic whrodxthytipqfz
378,2-206-380,tuwophpkym xqqlywftlnivwsy
379,3-855-496,tixvdylrle xvuzsraxegouaxz
380,6-252-110,sbzjiavupf viidkdturbujjde
381,3-576-673,aheokzaria cpcndhcmbyoeqdq
382,2-381-875,sdmsyrvctu mhcyhgazikiynnj
383,4-810-228,arkiegimcy fhaosofmdqgjckj
384,6-975-177,fgnbngwzyr yckaapupdakcbeo
385,5-142-458,zbfxyvsejc rmgjbhhavecgemu
386,1-772-938,ltdcshnsti juthjzfqohjgjmt
387,2-611-965,famzgohgzz mkzfosegbuuqbca
388,3-304-791,vfspsdnqqf cqjtccqwwrqhnfq
389,6-137-8,ylhltpzsie lvvgopwqhnatfrr
390,8-483-157,ykbzltsmnj wcupbqlwinesmmx
391,9-446-637,iwtayrcyob pfnodlvqobcvzzc
392,10-800-518,rpsbwqqclr xrebjvvqyclzcko
393,4-463-234,ornqidrcrs mckbbbcqvlblzsl
394,4-375-45,ltovkgmzzm rpptvrrckhdkapj
395,7-952-633,yjncnkxzns pcmvsbxpligdyor
396,8-710-779,mnzqhehqgj lmqlvpdumdoojkg
397,10-372-258,zmumrhrats acnrqpwesqrjefc
398,5-951-169,iinluudhnr vxmfazwepnglfes
399,6-345-299,aqfbszdvtv uerxwokqvfokgmp
400,2-265-395,ddddwhfvzl wcoeomikltclunt
401,1-365-356,aklxkblxum hegcmhltoaqidyj
402,3-699-523,jerkldfhco pzsxlhhhcugskkp
403,6-978-330,lvmkoujxhs evtxbmzzjudoavt
404,3-922-639,hmyfcysaib yqzwkrwqdalleqb
405,4-594-975,keqftdtwoo svhozhkhyfisqde
406,1-589-750,cpylvjtjxu udkldltorgavzkn
407,9-563-582,jlzezysuwe tqmelqpppxkxpoo
408,4-740-569,oxagzxeblo muthfzjotdnasur
409,8-351-953,ljojkqgjav dafbyijtuwldmlf
410,10-127-380,ewiwbvltcx rljvfejyaywhbxp
411,9-448-55,kuufqkuogq ynurwsifinscqgw
412,5-789-918,vhljbztqnp sgiojcmmjeerszt
413,8-395-599,xzaffbqlwr cvzmyhaervvhpnq
414,4-127-172,corbwvygpu zuxqhegwqhuvsid
415,1-788-119,ewvunxofpx lvslhsqaovsgads
416,6-785-826,tkyrbmaqfo btbxitbhosvixpb
417,10-591-59,loaoectzzs znfdyhpvesuvmba
418,4-716-513,romlkmufcd ohkdhvxsxownrji
419,7-909-638,myyvrmykap vububffjelejevu
420,7-459-371,bhmskuupns nczxqronokqwigx
421,3-900-769,gargadlkwg nexjwimxhifvhhv
422,6-360-583,ellgudcgfe vamgkteadfdrhcn
423,8-836-166,cvwfqkxyem wpojdytsxwxbhqf
424,10-929-544,eukukvgava ttrrzcykhboctzt
425,4-317-858,ctjmnoocub rxeyqilacxlxdxh
426,8-157-871,gahvfztmqu swafelioziaxkcr
427,9-125-344,agxoaofzpt omhvtkfgcnytjvw
428,10-861-621,hfdbefkrjp jpuesjlthyzavbc
429,1-391-182,bzzkuylgjk nwtnxiabyzdlesr
430,1-488-567,sbzqyzofsc edgrbvytywetbkm
431,5-861-840,rqwbudodmt wtxcovomeffkjty
432,2-769-330,pbasfaiyxy hbhegmtbbwjfjvw
433,5-389-523,hsvkpngwyy xotyeeimzgjyekx
434,7-426-243,tjewkftmii fkxhvwxrgljekta
435,4-385-378,ldovupcleo ojryvyxpchhixvx
436,8-126-804,xsnvyljkmw onykezrqhptxfwa
437,6-149-237,acilkpfieo efdcfnqboeefbgy
438,7-509-344,uqupfszvez lkrvqbzaixwvvoc
439,6-934-349,znwlsxbdld qgzkcnzhbkjkhbc
440,4-717-245,mjpoxisyvg afixwbnpsldbhws
441,1-944-570,pxmsneadav jksstkwctpqhwie
442,2-477-921,vbancfoeic jnqhgkhfkkcacuv
443,1-184-346,qrfoidqpfv tpizohsjwqngtgq
444,6-819-770,kbvjnyuuvo uiwrthauyzyndwm
445,6-508-718,midyefiukm neahcgoidawvcpv
446,6-689-53,tcbrqeldgh pwdayywwstkrhzn
447,2-852-335,duykkbdinv rwnhizguafnterh
448,2-276-220,tryfqmyapj vknoxehzpqeknql
449,6-765-863,ncazeejcji ieivsgeyduorpje
450,5-957-562,cpuzaxxcin crbhhtvzrgdozsk
451,7-612-486,vxkqxxwcvm cflucnovgtomdpk
452,2-485-827,udxyyichnc jcodkfeskaxfvxq
453,4-497-663,gemxmttijl iqhovdyncuvbmsk
454,3-724-869,vjryeynoyd bxbplotavvsxhsa
455,3-882-151,ditlnwnuat fapyxmxliaigwst
456,3-221-187,uptkujczvz wdlfblorptmyeos
457,8-444-758,wvknjxksgz vgliiopdtswcbop
458,1-328-688,esbktylmyl slepifrzhmpmwvs
459,4-520-82,wpjqtytojh sqwwwyibqnqgjhr
460,8-555-147,pzbsralmkb crbingdpzxlxlps
461,10-742-757,binboltnlt qphzcgpicpywwei
462,9-231-921,wvhnvxjcdk dribldbpedajlkz
463,2-867-519,wcaosyoxbn zxdlocsxdngxkaj
464,5-566-483,xmbqxogqjr krbuezbraqzdvsv
465,1-588-629,jxrosxyrlk wdkdbyxhfaygcer
466,5-848-884,stqcyfmtwn xivvxzyghipldev
467,9-862-984,ruhulawlmu yyjczyorxknvbnh
468,9-694-431,xtmycbaiqk gzjbonvtlgqbnlp
469,8-961-283,addcrhtoxc nnskyhieajkokqu
470,4-639-439,ssrvzwfnay ncseydeexcepysx
471,6-307-39,dsyjnsxecl zscoeauwxeluwvr
472,4-962-658,srpsoakxqh azqamcjmgztklbu
473,6-146-837,mldvrecngt iicoxitairmxmjk
474,7-168-404,oblobxbxcv vlbcrjnxbdrsdqv
475,2-646-736,pcwkqwxfyz uezcbqpxjevlxrl
476,8-528-870,rhqfjxugbl dxugylhfipgifed
477,10-479-962,vorrcfsbfm gmkspnfockzswjl
478,6-360-697,kcjvyznwyr prgzqeapvfxurxn
479,1-674-995,giuwhalhjo fukpgbnegpkxbtb
480,2-919-262,jkreypyngj svybdfmmrsfsmdl
481,5-760-146,pcdhatcncb qejssxgyomspjrx
482,7-569-224,fcxzwvopfu nmfxxiedbcyefon
483,6-348-585,ukppfyaopi rujvluyzvhaqxwg
484,4-557-817,zlcfbxyast sbfbcnkiiajfvij
485,7-257-387,jpycwweahx bewquiqwdlvguom
486,3-147-181,yfmhhdiafa ixqwcmbwmvprvdn
487,4-406-688,svmbqnjjby lolsmxcmkouebqu
488,10-647-25,ymmkoimzcn acwpullfvpnmsbe
489,9-459-484,hyzncuosqj nqzmvrqnrwabdrg
490,3-969-774,tigyjizwaj jcipyxflbxaebhl
491,6-948-32,wnrqpemidl wthicakrcpcfyom
492,7-701-620,jwbazzfrvm nhtzbwzfmlpudat
493,9-957-70,fjiutwyfnw rhipkivpbwvnrps
494,5-408-271,zxgnwuwcum vrefdviyessahep
495,3-206-620,pkkqpaogdd iiqyqhqhznsofgw
496,4-840-449,ftviwhmnoi geuuftumdmtqady
497,2-782-256,cdknnvlqbr qjnvvhescdrzlsq
498,6-976-652,jjdsowxpjr ricvkraotpjqsot
499,4-760-131,hfkombxfcs qptaxmxlxmvfcmo
500,9-337-586,musvfktbbn gqoahaicliqszll
501,2-727-741,fmbpknuijn lxqwkrxnbeicwda
502,9-636-398,devvccpzew gmbacgawrkyordl
503,9-650-586,qzsygpbbdu petstdlbtdpwkis
504,4-220-567,asbrxrbbrh fjotuyiouzoawne
505,5-924-633,yjveqhpptd tagdokpkerochvd
506,2-545-115,kezlwgmint hnkncuuelmdxnkk
507,6-391-135,xcdkjizqgw putsvuehtxwwnpw
508,10-812-334,wqhuehhivc xyetfddyzmffptp
509,7-286-607,jqwisdyqyd soomlmtnwwqykty
510,3-554-613,dlqrfrxvlf hunhlavrhhehnwm
511,1-840-601,siivdqdqgf rjrsluskmqohcmm
512,10-306-434,irhdxfiydk oylgpcjbdotsmln
513,4-380-972,zppsijciox ddyupzhhnaaettv
514,6-739-962,boxpvohxlx lxijsyuiawmlfwz
515,7-969-103,wiffsdjqon bxnynhqegrrcrou
516,10-842-372,mjrssdxfsg yfyyhyaysnpfrcj
517,6-749-986,kzafbobkvz knmvrmolhirqlqf
518,3-216-294,hgytcdjghp taqxvxnvhhrneao
519,5-642-587,fgtusnzose twrtvlskpebfqit
520,9-239-570,uxfcolmxgz oiilprzwwsgllxo
521,10-206-362,ryrdpqobkp firayqdazcdxbte
522,5-337-944,xiijbjdwbs lcwwxtgnfdpgphv
523,1-555-993,rmeiciniwp vwwkjmcyyudkdva
524,9-949-964,djdcyfgluk ecchjtwhdehzcxy
525,9-697-651,ajeqxbvvwj wnrvhngxswlgynr
526,4-941-40,lthipfbuyc ngnqbxmrwnmhrmm
527,6-609-240,tsoncctzuf ttjhhebwygizrqg
528,10-597-648,gcvvfcipnw hhsbpkasqnzdxyg
529,7-178-970,dpskysotne dvxqgrzzultzpkv
530,9-908-213,rivmokqkpz pybscgeihdpnoem
531,2-801-18,lpajaxtjts iupwqmbnctmrbkw
532,1-421-612,irpyxcwlgk dlthvqkmpgtjytz
533,7-709-443,qbwaojgfhe jpxwnzdnllsffli
534,8-165-388,ggaqnsbalx ejlqarobrbfvmwx
535,7-843-393,woyqxoupye gtbcqlajrjovnxj
536,5-191-357,kzzpylwbeo wmccoyqykiwsvsw
537,9-661-345,jkzqrtlozf sybqzhcwpgfackm
538,2-528-496,eereyffwjd qnzhcnhmobnyhdf
539,10-591-796,zyxvhbgpas hdwranwjdfzbujq
540,8-116-232,xccqxwzyrg immmnxjknfgzkti
541,8-302-488,stkjpllgtr lfytonyqgxoigci
542,5-233-743,poogfanupg cslqlbnjyyhdabp
543,2-967-582,hwadzkksdu iiytzykygdxctao
544,2-427-608,vgxrbfhabq daxonpoefjqpmrq
545,2-200-850,lwororldgc etjkdjbenkozwhm
546,8-793-917,hlekysyhhf vcpspaoikdamnhg
547,3-351-727,togkikbhpl slpexrvtljyewqk
548,2-564-988,nbypmxhtay awjeflhhwfctmzr
549,3-720-940,nxrsbpyqed wbgynlxaixpevuu
550,5-105-356,yldkwlhywv gakzpkgpzgzzvyc
551,9-723-757,wcantbyeov juidpxoumvjibyg
552,2-629-807,sxkgdidudz tftdxrbhdpsthod
553,4-245-71,yfhbctqrgj axpecahotlkrbur
554,4-775-310,ijvbmeyndk akarzwvzgktbwlm
555,5-403-344,plcchqsdug jqnoghyuodhklfp
556,8-230-89,hldtxlghxe eoltizjmqkonwrh
557,5-890-388,vlhvcublav htltrwaektbqdvt
558,10-478-677,uvyflxkrkd dxyggguuqdrgxzh
559,4-299-390,idfarteqqc cfpzixjotlanqhj
560,6-596-149,vnnpvbeacs vpojmevintgaxgp
561,6-725-299,ohdzglddcn kmnqhzpoqmuwrcb
562,1-585-557,bwvnclapwl jcabepeuzncmrhc
563,3-224-562,ptridhkenn qzbsyfojyzkufew
564,9-679-922,lyrrmlphxm hxtcdgppcbdketp
565,7-624-407,asbjbqxnyv dzewgjlxgaoubwx
566,7-300-296,iyhiezbmbb xoqtfsakgikpbsk
567,6-750-341,vbantjauut ccbthfclzrfhsmo
568,10-907-57,rlllshxylb iofnrypjplvsvim
569,10-448-124,vpujvkitvb ddqewmghgfmspdk
570,8-978-290,kpzsehjjak wlkzchxrbylizhu
571,8-468-71,ticirobgdq fxwelmlxndjesgm
572,4-258-777,viqrggvqut mjzzzbimshicmdq
573,9-737-246,liyatzvqbw rkyzzemmgbtayot
574,5-826-819,rnmqtsfujl tbqimjycttvjdug
575,7-522-282,hcjgwepcbc lypwzllwoahptoi
576,1-516-172,jiblnftnts rmqcywfzhfvlvip
577,6-440-751,khtlhzgldo euhdbjpacrqolcw
578,5-253-274,jjfqyhhmox bolmsupbezewjae
579,10-491-319,ytzflumqbx zeaijvscglekeii
580,4-256-636,lrrvicwohs phjieifluckarkh
581,2-548-668,ymmcuovbtz lqldgcjzuqtocyh
582,9-814-972,myfiuwxple kscsqxpyrzdzedv
583,6-485-30,fzebtebyhe ojirmolbrcugkqn
584,3-732-327,tpiljmmmfb cyquixlypahubyl
585,2-327-273,wfamviwlfv ndrdgxwyjnohzln
586,8-662-150,okynzxdblm xobfmnkoohplung
587,7-314-560,jufybmysie bszmydfrbqugxtl
588,3-288-76,zmsspypbon ofqcdyhfjsijhym
589,2-245-614,hqmtyqenev rvhygzuairedobv
590,8-828-14,uktclwcayr oisvpawmhlemaxw
591,7-736-433,mdqksouckz vhvjqjhefwhgcsb
592,1-598-102,oslsdvkevh gnnuobjlnctfmuo
593,6-862-419,mhwjkcligj qllgcoaxjjktmxf
594,6-480-687,bmnhxzotdn rfvpssdfnqckdcf
595,4-547-746,lqvoghyzzf xiivwmdmfrkzwol
596,7-946-196,yvzayxjbvh gjpmjjxjzpozsth
597,8-726-252,uqxmzhgztr tbdhanrwqwcraev
598,10-241-627,wbayrogfxq roaznksxddoaqxy
599,9-725-96,wjqbpxdnkl adybvyzildllosb
600,9-652-415,aeuarupdgp yktttdoutgjvljh
601,4-667-608,ejgmfudztr wnpoyrddvynzjcz
602,10-688-622,fzcpubmvru vdjgzfezaqmsqoc
603,4-641-51,brnkmbrzwn hhqdeasmjkkrrfv
604,7-294-264,ovlveqkcyk jwswewmlzlccfqn
605,6-456-386,ykvveawdup nzpcqnwprpryepi
606,6-429-610,wfsaxuvqei sjanexceugubjtd
607,6-228-453,tlcgkmzigw qevmvxwzxpjkcix
608,1-928-670,yznnyslixp zmjiwasyheggcuc
609,2-588-8,iqakcundkh badalcuhszmegcf
610,2-302-135,fvjlvcesfy flzvavlxzsqqugr
611,1-823-3,jffklwdgai qlyqlcojdhxiwca
612,5-916-69,wvvgfsxoqi fllhuptlhvzvxbp
613,2-543-426,grqdehjmzz xonqdlcizmkjlik
614,7-338-438,vetkekwmnx kbrdtyxqwcpwtcx
615,2-990-584,emqmdudvaz ylqmwlvljyikaxv
616,1-827-148,rqyclhziin paxvdbihzlgsqqg
617,2-222-967,yjnhtoupen dobkelnhzdppdej
618,8-290-125,kgjzufkccz fytmkxfzildhkya
619,4-169-472,chpprvpxis umawidarhlffbhm
620,2-393-454,nvuzhmmysr fdhnddupheumhdm
621,5-439-535,fslswhfwln glkwrhnjnjnyzpa
622,3-897-177,nvnvndgxtm wrqbjsvufqmibop
623,10-897-870,hbcbzsiyoo iocjajiulhzwhlj
624,5-763-61,oybzheewvt xednnusdewgpcsr
625,8-315-482,fjzztvgyva thrcyclxgsvzgip
626,5-508-698,esjfysmkbg zazlotwvekwhqmq
627,8-685-474,japgxoumec cmippktsqmvlwlr
628,3-859-49,qqwnddqdiu qhlnsqmcmkjpsam
629,5-542-137,dcwgkccqcj sarrunznkhcojzf
630,3-589-575,teerwniyae ntjsjozsfnsesco
631,6-487-181,irowvtgfsn vgovkfevfvfpwrm
632,10-183-125,hyxitxalck qjyyyqjxtnfbkzw
633,6-742-773,rxcaahdnqw njvamjshwmllyty
634,2-587-109,ufrutxcdom pltjbuzchlnllsj
635,1-855-885,fayyxeoqtq jjfhwxxffmevqby
636,1-148-284,ronjhkdhbu puvlzraazvwhwnv
637,2-821-83,tbzhdenxie owduiqslltttohy
638,9-407-355,epziphcjbi pngbelykpfukrgl
639,3-246-856,grjfocalhq ccqknzohhbkvldg
640,7-881-107,dtgypmakzv ijwrytdwwyhydho
641,3-579-370,ivhscrugtb somhuegdvpzsnql
642,4-669-984,aglixajzyp nhvdtmcaconzlgd
643,5-600-324,rznxrdjiak cprlpagtblgjmcn
644,1-220-524,tqotwkxxxc uiiolbhmvdzliae
645,5-727-748,jomewbmmmr pckvjcnxscxabxt
646,2-475-893,vgrvnwutdd sdoyrgypxuxmjuo
647,5-829-311,iubxahfhxj rtkkmbwqahyczpo
648,1-448-210,vyodsqftuc agxeoclboejiuqd
649,4-835-668,mfwyplvgnr xhehqssvllnndkp
650,5-602-944,tlmfzollre oqqvftjdgtsfodt
651,4-741-158,opignzkcse ovbqrwtrpsmhrqr
652,10-549-793,cuwdeugfjp zuvzpgmkemxdqka
653,8-723-744,epmkscpmfa yobkocszhvydfvz
654,7-537-578,hqmzokukym uckvadlqphdidtw
655,10-637-673,mhacstuaym pksljkjaewamjmy
656,4-984-15,ttvgrgfggh soqkzskkbqldrdl
657,2-164-14,meqjbojisw kicjokrjfbzanwf
658,5-923-227,zitiscdsob ulylkqtntcmngxd
659,5-868-118,uzdurayule jpybdfvlbadtffj
660,8-191-411,xblcslczsj oxjhlhayryeuhyu
661,7-656-648,syddcejoji adbomsklcjoamcm
662,7-769-791,aainwyksqg vigfmblismqsyqw
663,3-213-725,ypmyoclliz hgftvcnwwmijbuf
664,3-629-945,litcuudivq grorhfprrljoehl
665,8-964-438,dxxvgfeser mdxtzcezshcehnm
666,9-396-841,dgfyrhoyhe qlxmpzeketntlvm
667,4-631-24,lusgneopco eljcjprouadnoed
668,2-966-17,dcskporkni uidkqboneytbryg
669,7-438-117,jkvoionhsh hnnthyfcpauzkzw
670,9-453-864,gmgxpnpcol vnyjevxwwahvjrb
671,10-865-920,fosulcogeq wjknuhxtvngknby
672,3-918-975,bmgcxnwjju yxzsikttoktyxhb
673,3-170-474,rhpfntaawo ysqfplrcbgrnqcc
674,2-596-756,xewbypdxnl hontoubkypspghd
675,8-869-737,xzzngkcjmp rhoajkuqrhmgqqq
676,7-648-119,olrlwmbnng aoyzxtuqvdhibho
677,3-289-587,lunfesuagk ucnihqtycvaruvv
678,4-418-144,krrydyzkzg vkzpublywyjvxmk
679,5-147-984,ttjruyxrru xrmppgmkiwrukrv
680,10-804-563,ipdxrpfwzw otmtjsqtzaqbnpm
681,8-659-719,brswoqrtdi aijukyjxtdgghzt
682,2-728-257,jdoycuknzx ojeeolqqzyviadu
683,4-735-918,aoorijquhy mjcxndahsbnpuqv
684,3-696-802,yrkbpsolve crefuccfazqbffg
685,4-463-817,yvbpndfcwb ptbvwngzqhumfzv
686,3-557-102,iblakzlbtm ccrysvinzbluugx
687,4-300-779,qnpgdasoay cjqqtekynlwtaqg
688,6-705-14,zlqvtlzzpg oarytapmxrgwdwr
689,1-211-939,yjqdwzjont yzllbvzzacegjxv
690,1-236-512,llrfsnzuqy zmsozqiyurjfeto
691,7-914-145,vqkskltdvf ovxancimcbufuzp
692,7-444-13,jawzhdwhqo lcbzjsooceukpzf
693,1-516-294,bnqavkopxs vznpgudlqkdtlfs
694,9-976-349,geqacypxjr fuogifjcgffsivw
695,9-769-426,dsxlzpnlkg vwedukxscxwqndu
696,9-423-470,ueyyepmpkh wwlixgyfmxdrrts
697,4-468-412,lkcmtuezyt kgqpqnhiyzmjqpu
698,4-129-397,sliycgwrmu ckokygpmezcklaw
699,5-146-915,nbztjpykuj nfxwldpdvloweks
700,9-326-341,pchnfcvpzf gjdfvzvqcrakkre
701,8-523-251,lgyurccjhq nxekmmrouhgnzxt
702,3-230-282,sxczbkinoq bzdgljkxrqfnbyw
703,3-220-264,ouehiollbf trunifqrvbbyqco
704,7-468-118,mjicdrrmxw zkejokkyffhduty
705,3-118-895,drypdsexck xglrndhekbifcfg
706,9-912-296,zoieqzqwzz ivnkaklwabqamqp
707,5-971-683,katqwnrjmn xmxedpexaazcdws
708,6-572-417,vzpetapxki nlypzipeeyjgkdb
709,5-672-995,khgrhcfosq doymgwsgfzvlpfm
710,10-411-191,piftuglpwb igafdmgmibzskgb
711,2-989-12,fmirdbnfpy cfkmsgpapgvipqb
712,2-845-114,tlhqotbevz nsadncgryzubopy
713,7-600-560,oyxqbdlvod pcbzvmiekmnrfzp
714,1-301-781,foocoqymba ybfnlzgtwwdcfdo
715,5-961-33,hewdjjkdoq zwryqzusccegmsu
716,10-232-119,mnpajalyws beoydezzwajvjkh
717,7-331-828,utspbitwpo nqrsgyglukpclyd
718,3-861-894,fqrdslngdd ttsatxrdnozajju
719,7-602-853,pjbkbsekdn seseftmlcvonwcd
720,2-153-9,dscmllbkny xdiamrzclkjludw
721,1-128-475,bfqztweeuj bcncimprrhxjuxs
722,5-224-665,eddgmmzfsx chrjttedmuyhmel
723,5-925-811,nkgfqsvebm tqukginefrxdrfr
724,6-739-591,rcxqbymcin xcawdjrddwvcmxa
725,6-820-708,jxymsjshqd zivnrxhgspwaehu
726,6-181-574,rsqmirnajv weqyezreqjxjsgj
727,6-517-522,lpyanvyyoi yvvljcthvruygec
728,10-314-927,wbalfbmhzg vavbwnwdlsfrspj
729,2-478-27,mjbrunspzr xroucjdiquhgjzn
730,5-792-328,snaahodugz iunobhifgkutilp
731,9-566-57,vqcadlawaj llcrrntccpeltlt
732,1-808-90,mmzokenpcj xoydyfkmtriwgll
733,8-469-277,jtikjremmy hczmkgsokdolrag
734,9-797-248,fkjumaqltu wmjcnehuylxjmsx
735,3-575-276,jwisfppzbj kdkrhcurnrpkurv
736,7-589-659,grhiovodiz uzvrlhillmzjlrf
737,4-763-334,hhnoxluhro gdirzdkcmtstzbb
738,3-401-144,lgzijzmzak ishnyomnmwowqdw
739,9-226-279,bpftlreqvh ecanofqbyxawuoe
740,8-248-683,obkidcptak qchdsqqtinolchv
741,9-493-283,jikabfoplg vqoagqxckciaiws
742,5-759-557,gfyjpxyszr omqwiczfkrwnnar
743,2-335-557,vwlapcvsxb ecxdaerqsihiqkg
744,6-233-884,vrrjgrpbzg asorsfueqfwtuje
745,7-177-40,mzycsafvgq wyvpzmyfgvutxno
746,3-945-976,jufrqgalwh glmeosxnaaldltv
747,9-382-12,cxyqjkoivk ohgwdzcjljteler
748,8-983-390,ugtehzbzbi baunkkjzruiebjm
749,6-808-602,sylmqckxrp nyftrjermwbtvam
750,2-843-698,qupnpqqppf kgmdmyypdnilslk
751,7-830-324,ollputzlsf lvcpcbqsboowpgm
752,10-469-780,nkkgnybcdb ilofwtecxhkjgek
753,10-280-958,jauxnfttck izttuasfxylfref
754,5-362-588,lqobxrkjmo jxefdlrslmemyko
755,9-552-969,ctxmomslpx zamknfpbttlgsec
756,5-233-773,ylcvwubxej bczsxacklsnbcka
757,5-517-322,xxfobhrxir lwekqdbaqoucgtt
758,3-256-830,kvnytrgeib onosgmpclkwohaz
759,6-621-821,tznhzfccvw uhnancobspnnbhf
760,3-244-594,qckngslwke ilqkmjmlostevhx
761,6-288-675,xvuntlrqgr bobteqdcidnadty
762,2-308-277,lllgqfrsyu venlyumpmfrfwky
763,1-731-578,xtjpiisocg kalsjpsboezzkwa
764,8-464-26,xzgxalyamm ernrxckqpfyuxvr
765,1-313-717,kovmkgvegq qpuedpmxhelbubi
766,7-911-398,ljxvhhwqrt szrcxuysqdssrzv
767,1-751-744,qxpcelhvnf nveagugfazbbnsx
768,2-597-447,frmatjjrap ofqdcxvcqbalnyn
769,4-846-112,phwwoujmlf vnaovykzucvynli
770,8-989-660,hrzmpcpuga ushltleutlkuaub
771,6-797-753,bvpxidwbrv ledyefjflzylkdm
772,10-526-150,rwgyflltfz hkdogntxmbuvjrk
773,10-593-852,nbfpoghufb jmylfqtygoswogf
774,5-938-858,wipektlfsy sfgjqdpeesrrlso
775,4-672-975,kcngawgnzu zgjnopiotjsjeok
776,1-913-689,wfcbkbltyi boaulrrrduobkvw
777,9-553-349,yndpqkmusr moramwigfajmckl
778,8-230-77,uaditazinw otfgdblnmtcdpgh
779,10-198-699,hlunouwjxw pphbkyhjvvvptac
780,5-641-2,iqgwikpgif ikqavklgxqfjxzt
781,10-947-185,nxrbjyihbj ovavrstorkejlsr
782,8-422-859,jxudpoanjd jokqldzwtcjvojj
783,9-869-793,zwqttaegod ggqwjuefvezyeim
784,10-865-716,nakesdwpoi myqqodjzrhywuse
785,4-171-700,yavoeqaaze nauxiahdxzndshl
786,1-116-567,nggcwhtftz lrbkoyinaernxiz
787,10-307-538,sutjdoznbr hoasjnemvjfalal
788,10-450-838,ddtzydvesc ryssrlafcywtuan
789,2-593-400,xbzskxyazh qsilfynisrlulgb
790,5-362-336,uwwkxelhwt zbqrdhexwaveejs
791,4-970-380,yjdgfpxljk hrmiczpbvtexdxb
792,3-700-495,vrbadzaznj klbqdrkghmwojll
793,1-321-447,ncdghpxocb rzckrmamhlcbhrz
794,9-675-768,hugrymzzto uwjvwwgbovzocbh
795,7-127-899,rvpgebcyys wjmucnvbzdlxfuc
796,8-863-590,pflohihkqj lviwiwbzubnksbl
797,4-173-763,yvkslmmknz zzvjczuybwbxdnk
798,3-748-663,aveuhbkbhj jlxwjejkxlepffn
799,6-426-925,hhphkocwpr otwyxtufiiywbzw
800,1-361-308,rteddwdgjb bpzaobyarpbzmkl
801,8-942-694,rlzprfpcee brwewzshioiiwnq
802,3-879-69,jqwogrzgfb acshjjlplyrlacc
803,5-821-846,wzgdthunib hualeuvzntrskwe
804,6-405-776,yhoaxbvmgt sqnbskyygofenda
805,4-225-18,cxfouiaxud iwfvdgkkcihcmlf
806,3-215-412,xsehgjeoqs gjoqvjqwtfdknhx
807,9-901-417,hwvetbstcy qognmvmafkiywyg
808,10-828-193,lbxofboest nleleplkfycrgvz
809,3-568-506,jbeyuaynpg xhtycxmpfvooqjo
810,3-632-769,gqmcgasrpi owfihkqvgojxhqa
811,8-456-207,ulwczeepty rnqrzwqwkqzeoke
812,4-154-66,sonwqaqpzr zyhvudczlprnary
813,1-642-455,cddqqjkjlb gitwdbqencputau
814,8-194-534,yuafptqlem nrzsqigrtyxfynu
815,3-996-362,onyruqilrb hgfbmcylyyvitxv
816,10-828-376,yddtpisokt jrmecqdyakjsjai
817,10-412-564,kizzdfuwnu wvspfqiyfthpblg
818,2-426-827,ldqhjltmuo dlkezxhjtobtqdr
819,10-908-785,zgathxfmfu kvfkenlblenocyx
820,10-687-987,talyhpbpyd jaqtthouciyutrf
821,3-943-823,numchdumqt yvgxxnccmfjexuu
822,7-104-393,hqojeidcoe fljvvefztmsopdi
823,5-433-45,tscmnosbns hptbvooqxolzxwk
824,8-312-354,ejordajayx twfccfjvpzjnclu
825,4-775-341,cpobbfdgvs jgwmiqgwdkfloql
826,2-749-524,exucaqsomg wfaxsdnbxjokhdo
827,7-521-313,hvdvrlvsro udcxudmgpvhlzez
828,5-717-363,dvswasxunk gacoyomslmeggsp
829,10-300-363,zawuexekxg yiskiozdmitivvy
830,8-548-353,kvdxsxlxeg rcotmzijkitiqic
831,9-132-624,gjrzupwsdq rhugosjkcxqgiwc
832,2-491-377,pgmhnimrum kppjnebsecbibbt
833,10-437-907,fdjcyynlnb xbsqeuhcufiddfg
834,2-961-157,fmfhhjgihu mbkezzfejffvpcb
835,4-141-963,asdsobpxma epgfurjqrnmgokr
836,3-483-387,qxrzasoqjn hwxufbbivzghdat
837,1-518-97,vxpvgswsak pzzcexxxumxjwuy
838,8-151-728,mpnpnhxseo mmxoenndyzmccoh
839,8-682-22,nydbwizuad zteinnegelpeyru
840,8-440-531,yvjeozjezw ufhdvlemxhwnolo
841,8-816-336,xjugqgokix skpbhsnwoziqgem
842,4-863-210,wzmbixkvgt flpnlgpdjdxutbg
843,8-698-895,syzuihljif txlwhcrqxfvgicv
844,5-197-708,kohtokvrmm fhoaegpwmanemmh
845,8-864-135,jfnsnnhoqc rrsjqvqmuwjjllq
846,9-633-413,lteybjpniz nlfqgjsbhfvyzzt
847,3-565-476,ljamrtinnq ruyydglfbdsyfeb
848,6-178-990,jxertugdsy bmuhfsbuzwrxucy
849,2-510-687,keoftupdny nhdxflvskkiqrnt
850,2-264-445,mbvyawlkvw lehabpvhyxuwcde
851,4-347-298,bidrthrnyc koblxxftqunslbu
852,9-968-220,xiszbdmmmv ddjdpczqwvzxfoa
853,8-308-698,mtgkxvyrvm pkxakxrxhjqosmx
854,8-410-43,dnmnchgfdn ysprjjvqwxphryd
855,6-417-824,xkfgqzmrfx iwcwpavtomfpmig
856,8-316-87,piupylysng qnnqgrhhgvyoldz
857,6-426-489,esqarpihgd ollmjwssyjcyork
858,1-246-145,iplsjqzhov bfejfyjdrfvrnlj
859,4-643-382,fndydkioft jtdqsgxaubcnzcx
860,4-611-110,cexceaufvh xfeagucmobwtdib
861,9-368-873,cmemzmwzua yzinwrmtlkuiifp
862,1-658-636,bihgwveuij wqebnlhfyxxibjd
863,5-236-362,nussyhpgus wfxqjofpdufotoa
864,8-407-752,sfzhogbnee hzmjxgapvbpvtgt
865,3-489-614,axzbinmiyl ynfahpkuqkkydwk
866,2-845-53,qhfuuilczr yqzdhkliwaknvbc
867,3-198-99,crqknhrzln cmltsadpmquvgmb
868,5-161-675,sbzxngkzvf vnkaqwdssycztrh
869,10-821-768,lgwkyxomus rsrlrdjxqxwynuq
870,2-352-152,iaxrvxzavt dkvjufvknbschgq
871,1-855-609,xjvplkvhew zetfwplrsvtuaqa
872,9-866-202,nxycxwiwam ynzvisgiqwewyvy
873,9-439-868,wrlklrnhnt qruckpkhkvwxkhp
874,9-280-560,lwqbtsputl qfetxjgpwatxygt
875,4-969-24,bjijazizwg rxpqmvircpeadxb
876,5-919-516,ixufpbzdpc fuynmtytkhftxhv
877,3-948-118,akltbpksbx uoytalgzglvetnt
878,1-965-259,shrzkepfnz ejfuvluqjqdorur
879,2-327-496,licgijjgsn tufwzmijzzgquro
880,2-138-54,jnynttnodk jwbginbtsxpsbpb
881,6-984-248,ucctgflmvy phftesvstsrqefz
882,5-363-458,cfcwmiiikn ukkzqomjveixzqq
883,1-777-569,idyulyaomm rzwxkfnxwltaomf
884,10-121-377,vedxppfcmf nyuaxchtdwpzkwh
885,6-668-772,atxkuegrtx ywdidqvdebldrcu
886,9-219-691,xbkouiavtt bjfdaghdkdcasqy
887,6-491-641,nkepnqoskd wsuqhdikriqhqeq
888,4-248-970,ppkfkwvqzd oalgtqenaotpmsq
889,1-773-866,uzihgmfwmr oayedvyaaixzxyi
890,10-505-282,cxvadakhwd wnqkfksamttijys
891,5-851-976,egvuzazums rnxmdgtbncdikxn
892,9-714-702,gkoxoxrxaf rmphfpeqepovcyb
893,4-965-60,clgxeouamu mbnyzqazknlhilm
894,1-598-644,ntosxkerhp rtbyfqeigzjxrnp
895,4-789-826,mzpwiwayna mwkvhpjcccmqxmw
896,6-668-604,kfzfeqjtww fssiwxtohofmnji
897,10-196-462,xnbwuymmce kxhfxtukdmtabyw
898,6-731-710,boareywbfx tmouwezgbhlfmob
899,4-501-245,vdyfdxvzpr weqatscozonxpwl
900,9-640-390,livaktvfxa jgieniltqalcyed
901,2-148-413,oppwaoulmw swqrtzhyeiyztcc
902,7-659-253,tnhsxjrgxq mindpknerlzyxha
903,2-532-382,xlcugvcjqy bxcjvskoolumtyn
904,6-920-8,hqlxephytr prqghinmpebnlwe
905,10-578-91,uzpdfvrclz kbufbvnzsurcerb
906,1-335-283,rzizxspdxu eqnapnduntjxkgd
907,3-671-376,smwbqavucd gsvkobmezrydeoc
908,6-601-826,joqkdmgmzp lalpuyozqqnjfbl
909,8-361-903,khgdmcnvix nhpbyfgbvnxumph
910,7-351-438,vkqypsoyli fhxihpspoeifbac
911,5-937-159,pgjhlrlgji euelwspqrzxwfha
912,9-176-718,lqgiptpyvw wapjahpnbywgmra
913,10-843-749,bqsoonlxtc ycyuatqnfdhkika
914,3-134-218,jkbepzswqf ghtmotsscxoaxoq
915,6-822-480,dperixebkn xwcuyrubjrcella
916,4-163-764,xzwjujbotk euyzzefyljtcmio
917,6-144-847,gmkuhoummp aarrdsncjkysxzy
918,1-280-639,ymrmpyvpib vkqfpmkhtmivuyd
919,7-799-954,gbgbxupyse sdlhqhjqhhotbcy
920,4-164-991,ukvzsfxqko sbagxlolozhrwcx
921,7-840-199,imhzoikyym jpitfqmqmytgdxf
922,8-794-828,spdhpvgfjg mfwtlhjxmmirbzk
923,4-359-103,vwzrxkpopd zvkshpcoqhggzdu
924,9-578-673,rphexwuuaa mawtbzefpxhnhfz
925,6-198-585,xxwiodlbha nhowoitdwuzdzcw
926,1-551-9,bnwkxfekjc tiubfmohexsjbvh
927,8-228-588,fqypxhxzqw jeeaozmbbjstdfl
928,4-992-12,dyxtitedpf qbtncwzffzxgwxo
929,10-239-222,umwhaumsuj dfofffoqquuqrlv
930,8-998-401,qtdjbwjwwu huhyzetclinyoam
931,7-485-325,ojomsqmewf ofzhjxzmldcgotn
932,3-691-161,qpdrhxtizl jaxvlfkailnxwtc
933,8-444-100,yyfgzfqwcw deizhwotzwyqaxt
934,7-885-350,ohbyohlgoq cttcmrvrcoiscly
935,8-763-722,mnhilyusnk hcmzettvfvaciby
936,3-552-879,tvjrpmmkur oqjetqtjmzsadws
937,9-124-355,bgoawxwamd ccvdlsqfzyuhabc
938,3-513-750,fcbfajgipt tvadcsfyhlhibka
939,4-170-566,widbdvwotm ulkbcnzdxdhfcig
940,6-245-595,zaiecmewhk jcivpnmnquoanjr
941,9-704-189,aiphooqiaz fjuithapvrmomvo
942,7-956-531,skjmqxckze kdfowcscdvipoqt
943,6-723-382,ryhxnwgger farepwsplaoijmz
944,4-825-785,cwusnszqvz hkwjyrlbwwfnokd
945,2-683-769,jaivbemqol vzqqlqfasivuwpf
946,3-184-916,gkwqdqqbzh vjxcbtfmuxyzfkd
947,3-306-899,omczolektr ggbhqsyfuyhrgyt
948,10-675-149,yuprylvklz scooqurqdusjryl
949,4-575-356,qfrewmqlnx jqurgaxsjvbcihp
950,3-967-931,bwytiwkgir ouyyzuauzyrbeoh
951,10-284-834,riymbfdpdb hnxhqwmifryxjsm
952,10-696-466,llfuveigve rfkcvyazgwaezsz
953,10-570-88,rvapsevqct cgwdzbgdospdrjj
954,8-503-201,ctagckurmm gdegpauzrtooqtb
955,7-228-741,hidvyursyv lwpbrcsphdgpplg
956,1-847-276,vbpcwtlbaw tjwqtawrowhqubf
957,4-577-8,occtpjrrgg ksvjowhjuqnlnfw
958,7-652-649,pmhlzezhyv kpqwsrtoorpshrz
959,1-720-562,dtzjwmlnnt pfwmpigxfrnrboh
960,5-754-181,axrlhmvzcu jomdypqqaluedkl
961,6-731-638,becdjqjmiy ayqoccmbearghvt
962,1-890-527,aluimlyjmu ykgfepvqihavlfv
963,1-890-4,uczvfbrdmi welywtkiulizyya
964,1-867-74,yxurvdhrfp imczlgevgqsigpl
965,3-321-184,bnndcthgmn yvhuvguyjpjvrej
966,6-405-681,qjhexlqztg ziskqrdkfemyttg
967,1-556-623,ppplyfbskd foffkxjspghenik
968,5-117-232,bulrqsepgw ysqjyoremqvwxkl
969,4-282-917,rmlbacirfv sqzhyyrfpvaglrv
970,6-669-874,effefkgrhu juonsugmjtwwofk
971,2-672-933,zhutnaqquu jeqvczvoyljsale
972,3-122-644,wgfrxjdvxd cyskpolpwvfftrr
973,6-178-25,bcrohotiio alhddbmvoptrvfs
974,5-104-229,ahrrefqzyv psqaieaikctlzly
975,4-837-99,gqorcukpgu zdjmkmzzlgleixo
976,9-375-257,tpbpptdyom msystnpiubbtxav
977,4-679-207,isefzfmuvo ohrjgynaluesquv
978,10-162-370,iiyaatjrpb xvsjtxvpofqzobv
979,7-112-428,zbjuvkxftc bcfxadrdpypxhml
980,1-367-49,bvknfwhavo cxwugptyxjmutbg
981,10-538-455,pncmintazc nsrohcvbcokrerj
982,6-122-374,fvvpamvnsu nquguyrvdtglbcm
983,5-514-156,hlpirmscyo cketlbnqcmmsuoa
984,9-967-870,waexzkxebj aartplcudmqokmb
985,10-313-409,dbwjdpwrfk hwpigrdtwgogpeq
986,1-286-528,kdniedsqkg lxqktawgnkxmhah
987,8-669-689,pwdqwntskm mimyimnqepougsm
988,10-625-955,auyrzaoalv hvdegwirtdzwqwp
989,10-287-43,oqaybvtriv rycjyubnmzblytr
990,10-722-296,iswxacskld zymgzaxxaqantnn
991,8-375-104,tluqiucpjp oguexbucpxvymci
992,1-912-319,xbpgidfpec mibgolvxpxnfbnf
993,10-528-813,nyccqtfsod qfdnxtjajztfeqo
994,10-795-774,zgejgklrlz duybwpuucmiuleo
995,9-222-396,qakvxdbrly fmlojlktslytywf
996,8-322-539,ygimjyxzra nexxybakvaszoch
997,7-802-815,ancagwsnae zomgyhsexleamjr
998,7-409-761,ywmfmmiibp yuimivwusjevjlv
999,3-755-263,qolydvvade jwtwyrzmrphigdb
